{
  "a": {
    "startMs": 0,
    "durationMs": 416.2916666666667
  },
  "b": {
    "startMs": 466.2916666666667,
    "durationMs": 385.8333333333333
  },
  "c": {
    "startMs": 902.125,
    "durationMs": 446.75
  },
  "d": {
    "startMs": 1398.875,
    "durationMs": 456.8958333333333
  },
  "e": {
    "startMs": 1905.7708333333333,
    "durationMs": 604.375
  },
  "f": {
    "startMs": 2560.145833333333,
    "durationMs": 527.9791666666666
  },
  "g": {
    "startMs": 3138.1249999999995,
    "durationMs": 373.3958333333333
  },
  "h": {
    "startMs": 3561.520833333333,
    "durationMs": 512.8125
  },
  "i": {
    "startMs": 4124.333333333333,
    "durationMs": 604.375
  },
  "j": {
    "startMs": 4778.708333333333,
    "durationMs": 549.4166666666666
  },
  "k": {
    "startMs": 5378.125,
    "durationMs": 456.8958333333333
  },
  "l": {
    "startMs": 5885.020833333333,
    "durationMs": 377.1875
  },
  "m": {
    "startMs": 6312.208333333333,
    "durationMs": 567.75
  },
  "n": {
    "startMs": 6929.958333333333,
    "durationMs": 476.1875
  },
  "o": {
    "startMs": 7456.145833333333,
    "durationMs": 531.125
  },
  "p": {
    "startMs": 8037.270833333333,
    "durationMs": 436.6041666666667
  },
  "q": {
    "startMs": 8523.875,
    "durationMs": 456.9166666666667
  },
  "r": {
    "startMs": 9030.791666666666,
    "durationMs": 457.8333333333333
  },
  "s": {
    "startMs": 9538.625,
    "durationMs": 497.52083333333337
  },
  "t": {
    "startMs": 10086.145833333334,
    "durationMs": 494.5
  },
  "u": {
    "startMs": 10630.645833333334,
    "durationMs": 457.8541666666667
  },
  "v": {
    "startMs": 11138.5,
    "durationMs": 385.8333333333333
  },
  "w": {
    "startMs": 11574.333333333334,
    "durationMs": 276.25
  },
  "x": {
    "startMs": 11900.583333333334,
    "durationMs": 255.95833333333334
  },
  "y": {
    "startMs": 12206.541666666668,
    "durationMs": 531.1041666666667
  },
  "z": {
    "startMs": 12787.645833333334,
    "durationMs": 487.35416666666663
  }
}