{
  "a": {
    "startMs": 0,
    "durationMs": 549.4375
  },
  "b": {
    "startMs": 599.4375,
    "durationMs": 531.125
  },
  "c": {
    "startMs": 1180.5625,
    "durationMs": 446.75
  },
  "d": {
    "startMs": 1677.3125,
    "durationMs": 512.7916666666666
  },
  "e": {
    "startMs": 2240.1041666666665,
    "durationMs": 604.375
  },
  "g": {
    "startMs": 2894.4791666666665,
    "durationMs": 476.1458333333333
  },
  "h": {
    "startMs": 3420.625,
    "durationMs": 512.8125
  },
  "i": {
    "startMs": 3983.4375,
    "durationMs": 604.375
  },
  "j": {
    "startMs": 4637.8125,
    "durationMs": 549.4166666666666
  },
  "k": {
    "startMs": 5237.229166666667,
    "durationMs": 531.125
  },
  "m": {
    "startMs": 5818.354166666667,
    "durationMs": 567.75
  },
  "n": {
    "startMs": 6436.104166666667,
    "durationMs": 476.1875
  },
  "o": {
    "startMs": 6962.291666666667,
    "durationMs": 531.125
  },
  "p": {
    "startMs": 7543.416666666667,
    "durationMs": 402.91666666666663
  },
  "r": {
    "startMs": 7996.333333333334,
    "durationMs": 457.8333333333333
  },
  "s": {
    "startMs": 8504.166666666668,
    "durationMs": 641
  },
  "t": {
    "startMs": 9195.166666666668,
    "durationMs": 494.5
  },
  "u": {
    "startMs": 9739.666666666668,
    "durationMs": 457.8541666666667
  },
  "w": {
    "startMs": 10247.520833333334,
    "durationMs": 276.25
  },
  "y": {
    "startMs": 10573.770833333334,
    "durationMs": 531.1041666666667
  }
}