{
  "ㄱ": {
    "startMs": 0,
    "durationMs": 697.7916666666667
  },
  "ㄲ": {
    "startMs": 747.7916666666667,
    "durationMs": 473.0416666666667
  },
  "ㄴ": {
    "startMs": 1270.8333333333335,
    "durationMs": 577.5
  },
  "ㄷ": {
    "startMs": 1898.3333333333335,
    "durationMs": 577.5
  },
  "ㄸ": {
    "startMs": 2525.8333333333335,
    "durationMs": 486.1875
  },
  "ㄹ": {
    "startMs": 3062.0208333333335,
    "durationMs": 625.625
  },
  "ㅁ": {
    "startMs": 3737.6458333333335,
    "durationMs": 625.625
  },
  "ㅂ": {
    "startMs": 4413.270833333334,
    "durationMs": 577.5
  },
  "ㅃ": {
    "startMs": 5040.770833333334,
    "durationMs": 486.1875
  },
  "ㅅ": {
    "startMs": 5576.958333333334,
    "durationMs": 625.625
  },
  "ㅆ": {
    "startMs": 6252.583333333334,
    "durationMs": 578.1458333333334
  },
  "ㅇ": {
    "startMs": 6880.729166666667,
    "durationMs": 529.375
  },
  "ㅈ": {
    "startMs": 7460.104166666667,
    "durationMs": 577.4791666666666
  },
  "ㅉ": {
    "startMs": 8087.583333333334,
    "durationMs": 564.9791666666667
  },
  "ㅊ": {
    "startMs": 8702.5625,
    "durationMs": 601.5625
  },
  "ㅋ": {
    "startMs": 9354.125,
    "durationMs": 457.2083333333333
  },
  "ㅌ": {
    "startMs": 9861.333333333334,
    "durationMs": 553.4375
  },
  "ㅍ": {
    "startMs": 10464.770833333334,
    "durationMs": 553.4375
  },
  "ㅎ": {
    "startMs": 11068.208333333334,
    "durationMs": 553.4375
  },
  "ㅏ": {
    "startMs": 11671.645833333334,
    "durationMs": 505.3333333333333
  },
  "ㅐ": {
    "startMs": 12226.979166666668,
    "durationMs": 409.7083333333333
  },
  "ㅑ": {
    "startMs": 12686.687500000002,
    "durationMs": 481.2708333333333
  },
  "ㅒ": {
    "startMs": 13217.958333333336,
    "durationMs": 386.95833333333337
  },
  "ㅓ": {
    "startMs": 13654.91666666667,
    "durationMs": 457.2083333333333
  },
  "ㅔ": {
    "startMs": 14162.125000000004,
    "durationMs": 358.52083333333337
  },
  "ㅕ": {
    "startMs": 14570.645833333338,
    "durationMs": 601.5625
  },
  "ㅖ": {
    "startMs": 15222.208333333338,
    "durationMs": 432.5
  },
  "ㅗ": {
    "startMs": 15704.708333333338,
    "durationMs": 505.31250000000006
  },
  "ㅘ": {
    "startMs": 16260.020833333338,
    "durationMs": 392.6666666666667
  },
  "ㅙ": {
    "startMs": 16702.687500000004,
    "durationMs": 426.8125
  },
  "ㅚ": {
    "startMs": 17179.500000000004,
    "durationMs": 421.125
  },
  "ㅛ": {
    "startMs": 17650.625000000004,
    "durationMs": 481.25
  },
  "ㅜ": {
    "startMs": 18181.875000000004,
    "durationMs": 409.08333333333337
  },
  "ㅝ": {
    "startMs": 18640.958333333336,
    "durationMs": 404.0625
  },
  "ㅞ": {
    "startMs": 19095.020833333336,
    "durationMs": 404.0625
  },
  "ㅟ": {
    "startMs": 19549.083333333336,
    "durationMs": 381.29166666666663
  },
  "ㅠ": {
    "startMs": 19980.375000000004,
    "durationMs": 553.4375
  },
  "ㅡ": {
    "startMs": 20583.812500000004,
    "durationMs": 314.125
  },
  "ㅢ": {
    "startMs": 20947.937500000004,
    "durationMs": 381.29166666666663
  },
  "ㅣ": {
    "startMs": 21379.22916666667,
    "durationMs": 457.2083333333333
  }
}